Serial Number of your Device  (Serial Number Perangkat anda)	Name (Nama)	Username Telegram (Nama Pengguna Telegram)	Channel Youtube	Email Address
68128bd6	Rudi Setiyawan	de8ug	D8G Official	diphons@gmail.com
4ab92d17	Dean	@deanfauzi	OM FRANCO	hipsterdtg@gmail.com
abdb86ab	Muhamad Fazri Ramadhan	@fazrirm		fazriramadhan810@gmail.com
9746a011	Shandy Purnama	@mabespasipat25	Shandy Purnama	Shandy.g25@gmail.com
802ab391	Rievaeka	bigfoott		rievaeka@gmail.com
5d1f7dc1	Alok	@Alok_AD		alokdas12ka4@gmail.com
2872e139	Lika Lituhayu Paramastri	@Sound_Waves_Of_Gold	Vito Hermawan	hermawanvito95@gmail.com
a296b4b6	Arel Tiyan	@nopesblu		arel9971@gmail.com
744775a	Damar	@Damar908		Damar908@protonmail.com
8b10e2d5	Raebel	Raebel 99		ikko1684@gmail.com
a7ace3ea	Yoga	@Lavieenbluuu	Ev1l Arora	akunsteam.yh@gmail.com
f8d10fb3	Saputra	@WD_LORD	APG CHANEL	gamingnr66@gmail.com
9be348db	Rahman Widiatmoko	@rahman_w		rahmanwidiatmoko@gmail.com
e6a23ad6	Hayat	@HYT0007		hayatbenforce20@gmail.com
7a406e66	Ardy	@itbangke		ardy33@gmail.com
c4504c95	Falli Reza Aji	@fallrez		fallirezaa@gmail.com
7f2aca75	Lemuel García Garcés	@Zao77	Lemuel Garcia Garces	alemus247@gmail.com
4b43a574	tian angga	@Notorious22	tidak aja chanel youtube	tianthuglife13@gmail.com
7f3b44db	Ridho Kurniawan Yusuf	@Ridhokurniawanyusuf		ridhokurniawanyusuf@gmail.com
645c3cf2	Rodrigo 	@RodrigoCardoso20	No	rodrigocardosobot@gmail.com
d98fbf8d	Adi Setiawan 	@adhie76	-	adi.setyawan76@gmail.com
300a5299	MD Abdullah Mehadi	lukepuree1@gmail.com	Ultra Show	lukepuree1@gmail.com
e7a98710	agil ramadhan	@KHUNTHUUL		crgo1101@gmail.com
ff70c537	Zulhasmi Rachim Sumarno	@Akimboow	Mas Akimboow	akim.wakabi@gmail.com
de21610d	Tohin	@AncientOp		ptohin0@gmail.com
2783a71b	Raheem 	@NoLongerAHuman		mrintellectual16@gmail.com
588c5743	Liandhifi Ranuady Pradikta	@Liandhifi01		laindhifi@gmail.com
faacfc05	Erwal	@iforgotmine 	 	blackaholic.bse@gmail.com
2403221c	RyuuXenon	@ryuuxenon	D8G Official	hamidbadhawi.11@gmail.com
5df4a26e	Pieter Wijaya	@pw240		pieterwjy@gmail.com
96dc84ee	João Fernandes	@JaoFernandes		joaofer@globo.com
8b24d6b9	Divme	@Divme95	D8G Official	razif.riyadi95@gmail.com
be2a3164	Diego Sobrinho Dias	@MrCanhoto		sobrinhodias.dsd@gmail.com
c4732eb0	Daniel Borges	@BorgesF3		danielborgges07@gmail.com
6c02cbd6	Rodrigo S.	@Rodrigo0o	Sim	esquerdinha1sousa@gmail.com
fe38d903	Empty23	@Empty23	No	bayuwulandari1997@gmail.com
M2012K11AI	Jass Sandhu	@Jass8020	NA	montysandhu78@gmail.com
46ba0c67	Naqi	@nexxv	-	naqiqabil21@gmail.com
25c4c4c4	Slamet	@sntch6	Gapunya chanel youtube	snr.republic@gmail.com
7c7b9ed3	S. M. Tabish Mustafa	@Stonecol		tabishmustafa84@gmail.com
73f49a6a	Tomáš Hladík	@TomKaras		karastom@seznam.cz
1e44721c	Rama	@Sunline48		ramasaputra048@gmail.com
160ca593	Eduardo Adolfo Encarnación de los Santos 	@EduardoEdls		eduardoadolfoedls@gmail.com
85e8c766	Burhan Rabbany	@MrCrab19		burhanrabbany@gmail.com
b4d76a75	dwi	@Panda_Buncit		dwibagusoktama2@gmail.com
4dfd13of	Muhamad nurizki	@nurizki	Nitroboy	nurizki693@gmail.com
e83525f	DWIPA NUGROHO	@oghe3003	DG OFFICIAL	ghe3003@gmail.com
e1a4a19f	Avinash 	@NicheSeToper		avnishjha2016@gmail.com
fd1fa379	Fahrur Rozi	@AlwaysRize		kazuukyrielight@gmail.com
ae984fbd	Yousif 	Yogart99		onlive2003@gmail.com
a780a86d	Adib	@FikriOontaa		adibfikri7799@gmail.com
d8f019aa	Niranjan	@NiranjanNiroop	Minus51Ashy	starstropper.1@gmail.com
d21a9c95	Michael Pinto	@Michael_Pinto		michaelpinto621@gmail.com
593a6d66	Fussy	@fussy2		arvilrusydi@gmail.com
34bd66ed	Moci moci	@aaaaiiiiuuuueeeoooo		rickixu901@gmail.com
F4d58c5	Andry siahaaan	@Andry_sina		rajabulloh5@gmail.com
b5ab99b1	Ting Hd	@TingHD		infisky9@gmail.com
bbe97fe	Subheesh RP	@Subhi626		subheesh626@gmail.com
3d06122e	Akbar Salman	@HEXA2000X		akbarsalman.as@gmail.com
5be6adb3	USMAN	@USMAN_SHABBIR		usmanshabbi66@gmail.com
ab204f48	Arman	@LIFEBOYYYY		milds2819@gmail.com
4f92b22c	Johan Ferdian	@OVERBORE		sibirulangit@gmail.com
60fa8938	Lisa	@Lisa_I_Love_You		rijalsulbar@gmail.com
M2012k11ag	Poco f3	@gringo	D8g official	gringoorense@gmail.com
ea82eb86	Patrick	@Pad11xda		pad11xda@gmail.com
437802f8	Areme Mallari	@rageshit		areme.mallari@gmail.com
28b07a90	Ivan Rulyanda	@ivanrulyanda		rulyandai456@gmail.com
f3	xanax	@xanax12	no 	kingkhan@gmail.com
8123f173	Satagnik Banerjee	@s	No	satagnik17@gmail.com
c3fdece0	420 KARAN	@Karanbehera	D8G Official	karanbehera066@gmail.com
4111d5d4	gutte krushna vitthal sangeeta	@Technical213	Kris gutte	krushna.gutte78@gmail.com
dd7f7d4b	kishore raju	@skishoreraju		skishore.raju@gmail.com
7778ec70	Jeffy Sunny	@Tokio1997		jeffysunny1@gmail.com
c8cb38b2	harun	@CalonTU		harunpramudi@gmail.com
9ba58e63	Andiraynaldi	Age_210	Shiben Jainal	renal.andi95@gmail.com
ed219162	CKL Laongsri	@CKL1994		noddns@gmail.com
8e886bb	Farid Afifi Husna	 @besokjugalupa		fhusna.f@gmail.com
aec930b4	Venom	CARBNAK	No	adityagarhwal7@gmail.com
ab4f45b8	joao londa	joão londa		joaolonda1983@gmail.com
2cd9df1c	Ariq Alfa Praharta	AriqAlfa	-	ariieq.alfa@gmail.com
650c9b7b	llmortredll	@llmortredll		mluffy686@gmail.com
a2fecc15	Sasank Sharma	yougotflakez	None	flakezofficial@gmail.com
4ca81213	7eVeN Sameer Gaming	@ig7eVeNSameer	7eVeN Sameer Gaming	7eVeNsameer@gmail.com
5f33229	Indra nugraha	@indra089		nugrahaindra89@gmail.com
3a3cb8f7	fadz	@MrFadzzz		xtony75@gmail.com
3bbed638	Lothanimous	@Lothanor	lothanimous	guden809@gmail.com
6081dce9	Ibrahim Rabbani R	@Irfsanz		irfsanz@gmail.com
e4003a7f	Aldho	cumaliat		aldhogame@gmail.com
dd66bd51	Johanes Tyo Nugroho	SonOfWar777	sonofwar777	sonofwar777@gmail.com
8b76cfc5	Mervin George	@MervinGeorge	LYCONS George	mervingeorge92@gmail.com
c53d9041	Captain Blind	@CaptainBlind		eronkras123@gmail.com
50e8c3cf	Why Me	@wHyMeEmWhY	johny bravo	harisinghnalwa700@gmail.com
e3cbee9	Pawan	@Pk99998	Pkjha	pawanjha9889@gmail.com
82f57572	Nikhil Thakre	@Nick_Thakre	NA	nickthakre@gmail.com
96120419	Muhammad Ali Fikri	@eFiirefly		muhammadalifikri2412@gmail.com
33116/11RE00422	Ridwan Nawawi	@ridwannaw		ryantre24@gmail.com
44e185bf	Alli_noor95	@Alli_noor95	D8G Official	nurdinali653@gmail.com
e494669e	Tunduh Gantz	@TunduhGantz		saefulbakhri37@gmail.com
d14d2fa3	Tarique Anwar	TariqueAnwarTg		mail4tariqueanwar@gmail.com
99766762	Guillermo Guth	@Guillewwh		guthguillermo1@gmail.com
b8453d91	Dens	@Dennnsss		breakthe29@gmail.com
42c771f7	Axo	@Ayaz74	Axo king	ayazlovereda@gmail.com
66551881	Anurag Kumar	@zeusgodyt	ZeUSGoD YT	anurag.kumar6240@gmail.com
5ce4265b	Eifal	@Mmpphhs	EIFAL	valsyahri@gmail.com
5099733	Acel	@CellYooo		axsheldanendra@gmail.com
MRD-LX2	Haikal	Tengku.ly	Tg M Alif Haikal	tgmohdalifhaikal@gmail.com
544e4aa1	Satish sireshiya	Satya sireshiya	Nice work	satyasireshiya@gmail.com
bb3b6735	Mohammed Wahab	@wahabista		spider.zero1995@gmail.com
2bea505c	Ariel Cahig	@arjosc		yelsce@gmail.com
dc06203	TonyJoaca	@TonyJoaca		gamerulfantoma@yahoo.com
ec2bd4c8	Junior Macedo	@juniorr6	Nohau	efkillerpro4i20@gmail.com
5870a964	Eril	@Eriel999		yangpentingpuenya@gmail.com
61c0526	Indra Bayu	@catfizz	-	narindr4@gmail.com
6c788f3a	アクバル	@sayaakbar		akbarkabuto10@gmail.com
881dd3ad	Rizky Ikhza Adha	@ikhzaaaaa	Rizky ikhza adha	rizkyihza@gmail.com
b4a1fb8a	Can's Cal's	@passionisreason	Can's Story	casanovaprojectv3@gmail.com
864824055308645	Teerawat Rookkapibal	Teerawat	D8G Official	frank602z@gmail.com
ee4f140d	Idrus	@msidrus02		idrusms02@gmail.com
668680fd	Agus Sislansyah	ilimit7		agus.sislansyah3@gmail.com
14d3a525	Mualip suhara	@fehnriz		maen.terus17@gmail.com
698f38ca	mauludin miftakhul adam	@adammift		adamdotid@gmail.com
9363994	Domzc	@Domzc777	Tidak Ada	domozs777@gmail.com
440b14d6	Ricky mei	@rickymei		rickymei50@gmail.com
ddcc5404	Kurnia	@DevUnyu	CLAY Official	saifuddinramlee@gmail.com
855c1c0e	Panga sathish	@Pangasathish		pangasathish117@gmail.com
419e14d1	kaleb parker	@KalebParker	Kaleb EJM	cepuot@gmail.com
19bc2c94	Ludovic	@LunariusFox		remilia99@gmail.com
b2c6aefc	Farhan	Yes	Yes	raifarhan923@gmail.com
275bf91	Thomas Chandra 	@cunguksz		thomaschandra5@gmail.com
c59f9adf	Ade Irwan kustiawan	@Gorillaz_balz	Ya	kustiawanadeirwan@gmail.com
489f4570	Indra Kurniawan	@Indra_Kurniawan1	Indra Kurniawan	indoytgaming666@gmail.com
cd25a9e7	Naveen Mahendra	@NAWIIN	Ño Scope	naveenmahendra11@gmail.com
4d45dc07	Mark Joe	markjoe2121		tylelong@gmail.com
f0de3965	Faris	ANGRYDDOG	gk punya chanel	hergans872@gmail.com
3d2246ef	Mark	@markZER23	D8G Official	markmse99@gmail.com
296acdbf	firdaus	@Helperj	-	pjfirdaus1111@gmail.com
ffea36c7	Eryc	@oxRAVENxo	-	eryckuciha@gmail.com
a2920c54	Bendolsykes	Bendol Sykes		bendolsykes@gmail.com
b1515ebd	Kurniawan	@ohmySYE	No	itsdeschanel45@gmail.com
e0fd332c	Zain Faqqih Almubarrok	@zentfakih	Zain Faqqih	zentzfakih@gmail.com
8129ece2	fariqul qanun	@qanun21	Fariqul Qanun	qanun21@gmail.com
11e9b594	Dhofiruddin Ahmad	@karepmubos		zikanper@gmail.com
6784a86	Ernest	Ernest Useinov		ernest102589@mail.ru
282878bf	Nurken	@nurkenb		nurken.b86@gmail.com
7b303932	Eko Iswandono	@EKEL11		iswandonoeko@gmail.com
49192298	Zaiful	@Zaiful98		zaifulsky00@gmail.com
10b839ac	Esqi	@Esqi_Kyt		esqikyt@gmail.com
b43cdb6c	kylin sun	@ALin		sqlaizty@Gmail.com
M2012K11AG	Rsv 	@ArnaudRsv	Telegram 	nicolas4230042300@gmail.com
6ea01e81	Purnawan 	@purnawan21		lasdii21@gmail.com
0629599225	Thanadet	Tae RattA		thanadet.narak@gmail.com
5da2fe57	Rahmz	@Rahmzb	Rahmz Ma	rahmzb@gmail.com
52fcd10e	Hikmatiar	@Suckit1		im.buitenzorg.crew@gmail.com
e598d624	Pravat Behera	@prabhas4663		beheraprabhas332@gmail.com
f9b26072	Bangfads	@dndtme		onlyfads283@gmail.com
72ac262	Oreooo	@Oreooo	Peco Neesan	taufiqishak5511@gmail.com
eb009c7e	Sai Prasanth	@Sidhu981		dinogamer981@gmail.com
20875522	bura43	@bura43		bura43@gmail.com
c8aaab0d	Herry	@ITsSinchai		hs.bisnis07@gmail.com
fd662d7b	Edi Carlos de Souza Junior	@JuniorS1011		juniorkajuru10@gmail.com
397fa878	Audrey	@Kick_UrAssBot		muhammadajinirwanto23@gmail.com
f0e2e75c	Rizki ananda	@RizkyRize6696		anandarizky6696@gmail.com
565bca4a	Lukman	@Tonggar2412		corvus.os24@gmail.com
91e37252	Indraneel Manthena	IndraneelVarma	EliteReviewsYT	manthenaindraneel@gmail.com
8635480579622981	Idrus	Idruz	Dont have	idrusramadhan24@gmail.com
M2012K11AI	Tejpal	Tejpal765		tejpalrana765@gmail.com
d24b5c35	Jeremi sinjaya	@Reeemiizz	No have	jeremisinjaya064@gmail.com
f5bca7a4	MD IBRAHIM BIN MD YASIN	@BAIMJabar		mrbaim619@gmail.com
667e3b2f	Irfan Khan	@IrfanKhanOffical	Techno Scope	itagar999@gmail.com
5b55bb18	Martin Setiawan Wijaya	Mavin		martinwijaya069@gmail.com
8aa4a579	Screamo291	Screamo291		screamo291@gmail.com
97f292e1	rahadian rizki	Rahadian Rizki		rahadian.rizki87@gmail.com
402ee269	Sandeep	@SSJTHREE	TeamTNTkixOp	sudsnp7288800589@gmail.com
9f70f753	Regal hardika wibowo	@RegalHardikaW	Regal Hardika	regalwibowo5@gmail.com
2323144c	Ryzonix Gaming	Ryzonix Gaming	Ryzonix Gaming	ishanchakraborty708@gmail.com
c091024b	Aldo	@aldobeni		aldobeniputra@gmail.com
cd9b669e	Scany	@Scany449	MERVELFUTUREFIGHT Tamil	scany449@gmail.com
d463b542	Alan setiawan	@AlanBTV		alansetiawan25.as@gmail.com
f383db78	Haidir	@BosMudapocof3	Haidir Steam	haidirsteam@gmail.com
c4cedaca	Yusuf Rachmad Setiawan	@Yusufrachmad		yusufrachmad96@gmail.com
3b5fd225	Dimas Agung	@dimsaguung 		dimas.ajja66@gmail.com
5dcdf37b	Lucky Singh	luckybhaiop		luckysinghxzz@gmail.com
69942da1	Poco f3	@ThanadonJanwilai	https://m.youtube.com/watch?v=XHp494K1_G4&t=3s	dreamboyband2002@gmail.com
afdc4381	Restu Aryandara	@restarya		aryandara86@gmail.com
cc3522ef	Zainudin	@Mbettot		jiaarsas@gmail.com
3efb6529	Ash Siam	@ashfaqSiam	https://youtube.com/channel/UCE-CDg0LacNefYQDdof9VGg	ashkcm271@gmail.com
4e62b7dc	Rahmat	Rahmat	tidak ada	nasiyonabo@gmail.com
dfd938e0	Yourbae	@sellerxcuan		nothingzx183@gmail.com
acd9b4ff	Somporn	@buslanez		mayclub3@gmail.com
c907a288	Muchrizal Abdul Jalil	Muchrizal Abdul Jalil		rizaltreiscova@gmail.com
8c49fe95	Ali Masum Al Islamy	@Maxsoem		alimaxsoem@gmail.com
M2012K11AG	Nemfis	@Nemfis		ggwpzaur20030@gmail.com
32a46be2	Tommy Timur Kurniawan	@tomtimkur		tommykurniawan86@gmail.com
9d7cfa86	Mi 11x	Anshit Kumar	Script op	anshit631@gmail.com
94f92f95	Cahyo Bagus	@medusaimut		aremacronosfc@gmail.com
731fdfc0	Deni	@Denicl		denicilemor99@gmail.com
4ac2909e	m.ZePia	mZePia	I do not have	m.zepia@gmail.com
5055c88c	rakesh bagoria	Rakesh bagoria		bagoria76@gmail.com
94e1ee5e	Yohani haryanto	@SYH077		yohaniharyanto1@gmail.com
66bea090	Javier rolandino	@Neneng Aisyah		javiermarvel123@gmail.com
1a40067c	Kareem	@syedkareem97		syedkareem9075@gmail.com
939ed9f9	amirul	Amirul Zikri		amirulzikri81@gmail.com
f37647b4	Erfansyah Dwi Purnomo	@Erfansyah76		erfansyah76@gmail.com
1a5526ba	ULY	@MangGRX	Saya tidak ada chanel Youtube	auliansah12345@gmail.com
7ad8f484	Tegar Lanang	@bottleneckishere	-	tegarlanangp@gmail.com
2cdbb52e	yonas	@IsaHida		valkz88@gmail.com
68040e86091	Aria Muhammad Hafifudin	@Ariamhf	Mhf berbagi	ariamhf@gmail.com
c8c7d9a6	Maximus	@Avazbek0787	https://youtu.be/XHp494K1_G4	maximusav0787@gmail.com
7173492b	Asqie_Official	@asqie_id	D8G Official	agy.abimanyu22@gmail.com
a7e72ebd	Adrian	@once_cihuy		cihuy.adrian@gmail.com
Poco f3	Agus kurniawan	Aguskurniawan123	Tidak	aguskurniaw098@gmail.com
 RQ3A.210905.001	Osama	Osama		artsambae69@gmail.com
3c6a9050	Alfatayaji	@erkamzofi		alfatayaji@gmail.com
42accaff	Vijay	@Shergill1998	I am d8g user 	vijaygill1998@gmail.com
4319e3b6	Riyadi	@rydnnnnn		riyadinugroho9336@gmail.com
15e5da0a	sàna queen	@sanakhan0987654	no	ikrambooti@gmail.com
77facbf4	Eka Restu	@roymxxx	Rohim Lou	tresna1007@gmail.com
b9824987	Iron derick	Iron_2021	D8G Official	godflapacha25@gmail.com
7b8dbe47	Janardhan	@janardhan114		janardhanrapeti@gmail.com
aaf4123a	Sandy	@Youko_San	-	janlatvuska@gmail.com
5a4fd550	Dhamza BETHU	@BETHU23		albaarahmad4@gmail.com
9a627a9d	Abdullah Zawawi Bin Yahya	@Babah_Ammar	Tiada	azby80@gmail.com
d5dad3e	Fredi Hermawan	@Fredihermawa	Fredi Hermawan	nawamreh18@gmail.com
b5f27ef2	Flash	@Flashm24	Flash	pardeep18above@gmail.com
435f884e	Shakil Ahamed	@Shakil9011		shakil55616387@gmail.com
4f240bf0	Rafly	@Rflykid		raflikid1231@gmail.com
Cho	I am chiragkanwat@yahoo.co	Chirag	Chiragkanwat@mbsinternational.edu.in	chiragkanwat@yahoo.com
F9GeFeUYx5X-6rGHHwZ2qNfx_icSxnZc-JlFVV6N7H8	phaitoon	bank	D8G Offical	dreadoutthailand@gmail.com
9e23815	Khairul Islam	@ki_khairul		120khairul0@gmail.com
9c605782	Insight	@Insight0099	Nothing	faturgokilsz007@gmail.com
a8e69625	Riza	Nr_LostCanvas	Fariza Yudistira	fariza.yudisthira@gmail.com
ac84309c	Pranish katwal	@pranish	D8g pocof3	pranishk36@gmail.com
bc7fe8f1	Agus Sucipto	@blitzsoftcomp		atanasius27agus@gmail.com
14d3f52b	Sangam Raj	@RomTester968		sangamraj360@gmail.com
aab77b9b	Rendra	@k_walks		s.rendra1900@gmail.com
eb4bce45	Alioth	cZekelzky		czekelzky@gmail.com
ed361759	arif jaenudin	@arif jaenudin	arif jaenudin	th3814ck@gmail.com
1508aaf9	Sunarya	@sunarya13		ghamore001@gmail.com
487be831	Isha	Isha	Yes	themighty2601@gmail.com
b70d3c87	Apit Sujana	@Pitz1995		kocepzx@gmail.com
6fe25c5d	Kritchathada	adolfhitlers	D8G Official	adolfxsx@gmail.com
91e811ca	Edison Tjung	@ivanEddy85	D&G Official	ivaneddytitin@gmail.com
922d06f8	phaithune sawang	@SNACKY1425		siigsaag@hotmail.com
ec06442d	Rizky Pradipta	Rizky Pradipta		bonbonpradipta28@gmail.com
593231fd	Andre Gamaliel	@andre26gamaliel		agamalial@gmail.com
d761aa92	SayaSappol	@F3Ueer		alvincell7070@gmail.com
SD1A.210817.036.A8	NAYEEM	Ks goltu	Hasaki	faisalnaim03@gmail.com
454dae07	Choerul Umam	Lordumam	D8G Official	choerul.umam707@gmail.com
5de7618f	Gilang A	@GilangArifin		gilangarifin092@gmail.com
ca0aed69	Abrar Jawad Arion	@Arionxo		starboy.abrar@gmail.com
Poco f3	Sarawin	Sarawin Saraboon		sarawin2529@gmail.com
4c01c730	James	@Synderene	Synderene	synderene2@gmail.com
d81e8a82	krisna	@sayatayo24		krisnapoer@gmail.com
88f36cbf	yoga rendika	@YRendika		nevershutdown95@gmail.com
d5454076	muhklis frahdiansyah	@zhongli55		mukhlis.nejiwolop@gmail.com
ef803be1	Abdillah Rahman	@scpxc	Abdillah Rahman	abdillahrahman2912@gmail.com
7bd10a84	Ragil Surya Pratama Yusup	@ekaewe	DroidXrX	droidxrx@gmail.com
e28969a9	ZawZawAung	@ZawzawAG22		mgzawzawaung6699@gmail.com
47528ece	Addin Ro'sy Aulia	@Addinscream28		addin.scream28@gmail.com
86485059559823	Sona	Rebellion98		sonasoniawan@driveme.id
7cc16788	Muhammad Irfan Naufal	@Irfan_naufal0104		muh.irfannaufal0104@gmail.com
2c176414	Gavid Bakti Wijaya	@Gavid_Wijaya	GameOver!!!	gavidbw23@gmail.com
e0c41b99	joko hadi yantoko	@PinkTail	J. Hadi Y	jokohadifvk@gmail.com
a3d3633	Anjay Lani	@jaykhun		jailanijunys040299@gmail.com
11ca11e3	Haikal	@Haykallxyz	Haikal	haikalmantong100@gmail.com
3a7c3bce	m.umar bisri	bisri jorell		bisri254@gmail.com
2d0089a0	Azizi muhammad	@Azizi667800		blackjon6678@gmail.com
38f4c037	serjfreerunner6030	@serjfreerunner_603		rumak61@gmail.com
4329924f	aditya	@adit_1313		adityapramudia1989@gmail.com
afd83f1b	Sunny	@Vignan850	sunnytechtime	sunnytechtime@gmail.com
24b56013	Mahrus shd	@Mahrusshd	Tidak punya	mahrusdrag5@gmail.com
68182347	THOMAS	@thody99	No	thomasmediza99@gmail.com
b42734c1	TinTin	@TinTin3373		m.abdullah.3373@gmail.com
5742c597	Dippo Shelan	@Baee14	-	dippo32@gmail.com
a975ee03	Gisen Adi	@AppleSuport		gisenvaleska@gmail.com
78e0372f	Samy	@PUNYxPUNISHER	https://youtube.com/channel/UCd-32xc7xe6XGnnnNRpmuTg	samylevin406@gmail.com
6bd7b650	Rcakasiwi Adiarsa	@Rcakasiwi11	.	rcakasiwiadiarsa@gmail.com
8638752739375218	amenlim	@amenlim	Amen Lim	akun233new@gmail.com
ecb7feb1	Aristo	@aristonyemer	Aristonyemer	aristonyemer@gmail.com
1b39f6d0	Denta Prabowo	@dentabowo		prabowodenta53@gmail.com
5ee18bed	Adang Ajeh	@Adang Ajeh		adangirodat@gmail.com
94aaa238	Andrew	@Andrew_Colth	D8G Official	andresosgodoy123@gmail.com
51e67c11	Umar	Umar0011		umar.chouhan007@gmail.com
5122bf03	ᗩᒪIEᑎ	@Equinox_Korra99	D8G Official	pvan7049@gmail.com
b9a57991	Azazel	el_casamoure	-	casamouref@gmail.com
e602af63	Ramdhan	@sycho713	https://youtube.com/channel/UC5dl1VL4H6FvchGi5hNHF4g	roxsgenerations2@gmail.com
a5f8a893	Dzee	@dzee		zhakasomad@gmail.com
8f83fbea	Muhammad Redy Zarroni	@Redy00	bang redy	hadiahdarisupercell@gmail.com
6d0c365e	MUHAMMAD NUR ZAKI	@NurZaki42		zakinur42@gmail.com
14d413d5	Yonanda Adhitya	@yonanda1412		yonanda2323@gmail.com
ea5c6400	Trần Trung Hiếu	@Hieuheh		Hieuxemchua@gmail.com
5beeb8b	Biqi Ardika	@ardika17		biqi.af17@gmail.com
3e861c65	Fajar Ismunawan	@ismunawn		fiismu@gmail.com
d9a777e2	Andika	@brutal4400		putukusuma002@gmail.com
89775f63	ThorinOakenshield	@thorinthesonofthrain	-	febryanvaldy07@gmail.com
fbeec79a	Muhammad Isa	@muhammadisa4908		mdrifatkayser440@gmail.com
ca0a27f4	Rohail khan	@GamingGeek69		rohailyousafzai49@gmail.com
9b51573b	danny	@DANY_S_K	Boss	annikakazimir11@gmail.com
864856057700247	Stefan urkel	@Dorian57600		cortese03041984@gmail.com
b9027912	Kentg Pro Max	@Kntgpromx		haikaldanielw@gmail.com
c8b45510	Alex	@Morphicsn00w		alexcbrookes@gmail.com
ddec418d	Chakawan Thun	ChakawanThun		adimsix@outlook.com
f4419928	Bagas	@barbeman18		bagasmultasyah3@gmail.com
26feadf5	DIPRAJ ROY	@GOD6900642		diprajroy7767@gmail.com
3c907f11	mc	@mcharrish		m.charrish5@gmail.com
7f065a7e	Rifqi Muttaqin bin Hudal Firdaus	@gachalord		qwrtzen@gmail.com
ddc7283e	Bucex oliver	BUCEX OLIVER		bucexsinegar@gmail.com
914e3f90	NoSyncIP	@NoSyncIP		avgoustinakisgeo@gmail.com
8b979033	Abhinav Rathore	@Abhi_nnnnn	FaAdu CoBra	abhinav456rathore@gmail.com
1b0a93d7	Devesh Sharma	@Nottomesswith		deveshs71@gmail.com
f83ad879	RIFQI NAQIUDDIN BIN ROZAIEMI	@ketummm		rifqinaqiuddin03@gmail.com
8a9d2b1b	Azis Jorgi	@imdyinginsideX	JXRGII	azisjorgi4@gmail.com
e84e5ddd	Muhammad Rudi	@rudie_roed		roed.rudie@gmail.com
f8f5eada	rendra relista putra	@ndooooooonx		rendrarelista@gmail.com
1cd210d6	Adi Wijaya	@desmoshadow		adiwijayasalim@gmail.com
1dbe62f3	Menk	@Menk25		ayuwedok72@gmail.com
864856056429418	Patiharn	PK Babymoon	D8G Official	pkbabymoon@gmail.com
e88cce7c	Wahyu	@opayx		wahyu.nurhadin@gmail.com
2b25e8ac	John 	@google_was_my_idea77		kaeton22@gmail.com
5b8a3aea	ONEXEN | Vayu🇲🇨	@ONEXENNN	Onexen	rayyangaming111@gmail.com
fc29fcbb	RUPANKAR MANDAL	@rupankar4		rupankarm49@gmail.com
abe0c444	Mohsoli	Moh_soli		moh.soliman.kamel@gmail.com
76f88a76	Violet	violet216		potatobot8@gmail.com
01886465058	Wasim	mdwasimakram3update@gmail.com	01886465058	mdwasimakram3update@gmail.com
a1eacc2	Jan 	prosozai		janbadilles@gmail.com
2b25e8ac_2	Arthur Fonzarelli	@Headquarters76		timothyjlewis12988@gmail.com
Foco f3	Wasim	Wasim Akram	Good 	mdwasimakram163416@gmail.com
cf7adefa	Ariq Bestian	@ariqbestian		ariqbestian@gmail.com
5,72E+145	Andi	@andyjerk		andyjerk88@gmail.com
af056a11	Yugie Oh	@yugieoh		yugiepotret@gmail.com
7ea5f3b4	Giuliano	@NenoX1	NenoX1	nenoxxd2@gmail.com
c2f840b9	ILham	@ILhamAnwar		ilhamanwar65@gmail.com
84263d00	Muhammad sultan malik ibrahim	@Sundalatelasoy		user.sultanmalik@gmail.com
6bc9ccdf	Jesús Almora	@Chuzzz90	Chuzz	geovannialmora90@gmail.com
9639c89d	Ajidarma	@Ajidarma		alifdarma014@gmail.com
f84d9677	Mohamed Ramadan	@m7md_ramadan	Mohamed Ramadan	mohamed.rammadan96@gmail.com
4300deb3	Galang tetuka	@Not_Weabooo		galang.tetuko@gmail.com
e424ef29	Marselka	@DesperateIveCrawl		marselkawow3@gmail.com
1ce685fa	Amr	Top Mega	Top Mega 	amrmamdah@gmail.com
d9a9e3f	Ku Bo	@kubo286		hjkaru.nguyen@gmail.com
dd9d9529	Jan Erikson Concepcion	xjankaizer		xjankaizer@gmail.com
a3d64651	RianChiel	@KidsCrus		rianchiel9@gmail.com
8f6cc1ec	pralambang	@pralambangg		pralambang941@gmail.com
d9c2d30b	Aris Ardiansyah	@ardian1996		arisa1571@gmail.com
211509c	Roery	@Roeryssr		roeryssr@gmail.com
531ba642	༺𝙪𝙣𝙠𝙣𝙤𝙬𝙣༻	@QAD765		qdevaan@gmail.com
4c48e9b2	Ilyas	 @Ilovefukrkrkr		ilyasalmas7@gmail.com
481b1118	SYAIFUDIN ROKHMAT	syaifimzers		androzers@gmail.com
80e8e42e	iskandar	@Rany virnica	Rany official	izkandar.jlk@gmail.com
60942967	POCO F3	@Chaprakit		prakitsudtowa29@gmail.com
863608f1	Izzuddin	kyawc		dind73567@gmail.com
75099ad6	Nama	KS GOLTU		darkstargamingfeni@gmail.com
f2013c2e	Hyuoka	@hy_uka	هيوكآ	alkolany17@gmail.com
32e8a89e	Chatchai Jaiphet	No	ok yes 	loveloveann98@gmail.com
4a6272c	Septian Prayoga	@Tioners09	Tioners Gamers	septianprayoga09@gmail.com
d3e59b5b	MD Annur Rahman	@annurrahmanadon	KBT Gaming	annurdon@gmail.com
ec04f172	Max	NBA_qb_0	https://youtube.com/c/AGxScoutOP	mtrifaila@mail.ru
d05676ed	Mas mos	@kangmose		bananas21112@gmail.com
6d179aa0	Brentte romero	Huntserrr		romerobrentte06@gmail.com
RQ3A.211001.001	abdo	AbDo MoDs		maski150@gmail.com
c92e0010	Zhandi	@zhandi56		zhandijhy@gmail.com
1f35b141	Bimo Aryo Anggoro	@TeamNoJeda	BimBim Anggoro	anggoro455@gmail.com
3ccfd57a	Iwan Agoeng	@AGOENG		iwanagung09@gmail.com
bf6c488e	Qemal zibran	@zibran10		qemalzibran48@gmail.com
74b18x62	Ankit	@avverma		av95766@gmail.com
37aec8cc	Rizky Hadi Pratama	@rzkyhdprtm		rzkyhdprtm.official@gmail.com
b6ad91de	Adryan Eka 	@Adryaneka		adryaneka160102@gmail.com
db442ea4	EdoBintang	@BangDo88		edobintang8686@gmail.com
5b661c50	Poco f3	@mia9823666	https://m.youtube.com/channel/UCVa7HMDUUz2I3s4P5CX1YDQ	md6492771@gmail.com
25f803e4	Meylaa	@nradilahmeylaa		fhaeirkabong2014@gmail.com
d4247e20	Reno	@Renfeb		reno4941@gmail.com
43f5245	rifki noval nadhef	btrchongyun		rifkinovalnadhef@gmail.com
5df6acf0	 Андрей	@Zevs137		super.kam7777@gmail.com
fd7ba1bb	Reno Boyz	@RenoBoyz	BANG Eno	reno4s.r0@gmail.com
51c51ebc	Gurdyal Pundeer	@gurdyal_rana		gurdyalrana@gmail.com
15f8600f	Kanishk	@KanishkMI11x		pallavikanishk786@gmail.com
aab657fa	Manu	@manurk007		karnanrm007@gmail.com
4ec45bad	Elizer_Blaze	@ElizerBlaze15		elizerblaze6@gmail.com
2fb12a6c	Jenil	@JenilM	SmashPro Gamerz	jenilmota33@gmail.com
77ef1996	Wahyu Hidayat	@hayatokazuya		xxwahyuxx47@gmail.com
e0bc82bb	Kujo	@SunKujo	I do not have	bakka12344321@gmail.com
63434c14	Bhendoll	Bhendol rxms		bhendoljawa@gmail.com
38d6f30d	Vishal kaira	vishykaira		vishykaira1997@gmail.com
5a72774f	Reichi	@Ichiboyyy		freakg27@gmail.com
M2012K11G	Belal_Ali3	@Belal_Ali3		pelalali1@gmail.com
2ebf65dc	Ryan Souza	Ryan Souza	NÊMESIS FF	ryansouza3088i@gmail.com
59189ea9	Nichita	@NosfeRaTum_N		nichita11062003@gmail.com
32207415	Amirul	@Yeager123	Amirul	amirulsteve151299@gmail.com
7789f953	Khaydarov	@zatmenie69	Shahboz Xaydarov	gdutalabasi@gmail.com
b5fda536	Boncabe lvl15	@boncabe91		kimzar097@gmail.com
f74ab08e	Moza	@Cheesymozarella	-	bimodimasarya@gmail.com
55f840d9	Deni Liandi	@deniliandi	Jacktor	deniliandi@outlook.com
db7e3c6c	Kirill Perezhogin	@KirillPerezhogin		kirillkiper@gmail.com
7589cab9	Waseem	@mcbilly360		waseemdae@yahoo.com
1cc9246	bintang maheswara	@publicpapji	ngga punya	bintangalfattah2405@gmail.com
9e6d05ee	Andrew	@allmon1	Andrew Frederico	enmponoaoor@gmail.com
ffe79af8	ALEX	MRINDALEX		mdghalib545@gmail.com
9103c9b9	Ferry pranatha	@pranatha88		pranatha.gamers@gmail.com
b43bf4a9	Hanif	@hanif870		hanifudin98@gmail.com
31949/81U701245	Navjot Singh	@Navjot1994	D8G Official	singhnavjot629@gmail.com
f1f699c7	O	@ProPubgmobils	STCH	mastersomo323@gmail.com
258c40	Iwan	@yonmax		iwansursidik@gmail.com
b9abd039	kiew	kiew kiki		kiekwkiewkiewkiew9@gmail.com
m2012k11ag	กำนัน	กำนัน		tep25004@gmail.com
cdfbb1c8	Ankit Kujur	@Koolankit		ankitkujur00@gmail.com
e2644224	ẞelal	@DrJoker_999		iqubalk999@gmail.com
07504108747	Rajeb	Dowske	Rajeb	rajebdowske85@gmail.com
c7c4446c	Hengky kurnia putra	@Only_Kinn		hengkykurniaputra@gmail.com
e3ab663	Mohd Azuan	@aelevin		azuan85@gmail.com
6f490ad4	Raiyan Hossain	Raiyan Hossain		raiyanbd30@gmail.com
11d9c00d	Wisnu Chandra	@Hanykaze_14		wisnuucandra@gmail.com
a14f0c59	Kamil	Suek suek 	Milmil 555	milmil1717@gmail.com
f22c159a	SABARISH P	@sabarishp2001	NIK FF TAMIL	sabarishpvickey@gmail.com
e6c5c84c	Fazrul 	@Fazrul Lordi		fazrullordi8@gmail.com
bdd161f1	Teguh Mahesa	@ezhasuke		ezhasuke@gmail.com
5809538e	Adi	@Adi0456		raazaditya469@gmail.com
35726532	Sumit	Ninja1		kumarsumit7559@gmail.com
d2d5a0b1	Rio	@neuttt		pubg5598@gmail.com
85fcffb5	Mega satrianto	@patenk		megasatrianto02@gmail.com
a3aa666	DIMAS KURNIAWAN NOOR	@Thoorrr001		mrefi2003@gmail.com
c8da34af	Sahil Kumar	@GHOSTSS168		sahil10023@gmail.com
24213590	Abu Sayem	@sayem31		drsayem71@gmail.com
94706712	EJE	@eje25	EJE TEAM	libtwtes@gmail.com
863548052658246	abdelrahman khattab	abdelrahman khattab		abdokhattab555@gmail.com
ff3cf405	Reno	Exc		hr.harryblack@gmail.com
8c4cfa07	HARSHIL	@shadowop12	Proceall pubg	harshpatel0463@gmail.com
1e9f105b	Madman	@MadmanGaming	Madman Gaming	satya.ezyro3@gmail.com
f6cbe501	UnknownG	@PLUOPZ	-	zxoffi@gmail.com
1c4a72ad	kozod	@kozod		kozodpotzky99@gmail.com
5d2ce76c	Jefferson 	@lostvarma		jeffersonkevinho@gmail.com
befcdc40	Salis	@MeNoob2		salis4213@gmail.com
a3ccd5e6	Codato	@Codatao	Inscrito	codatao023@gmail.com
ea469665	pouya	@p0uya_rs		pooya.56rs@gmail.com
a5a6bb2e	Abdul Rohim	@Arsyamarz		dcr.arsyamar@gmail.com
8546e1b	Mary 	Mary García Ruiz	D8G Official	junqita22@gmail.com
POCO F3	achmad aryansya	ardi	D8GOfficial	aryansyaa2@gmail.com
84f4d2cd	New	Peerapon samukbut		peeraponsamukbut@gmail.com
d8d3f376	Levi	@JOD_LEVI	JOD LEVI	amitjb1423@gmail.com
adisornza1122@gmail.com	adisornza1122@gmail.com	adisornza1122@gmail.com		adisornza1122@gmail.com
476e68ee	Aditya	@AngryBlaze	Angry Blaze	adityasharma53166@gmail.com
f1427ad6	Jeet kishore	Jeet kishore		jjeet1181@gmail.com
418f129d	abg azhe	@anggiazhe	D&G Official	azitoms@gmail.com
326f5e2a	André Luiz dos Santos	André Luiz dos Santos	André da Strada 200cc	andre.2627.luiz@gmail.com
POCO F3 	M2012K11AG	@blvckSHAVA	blackPANDA134	defold384@gmail.com
7ab38bf5	Vince Manzano	@exilityyy	Vince Manzano	vincemanzano143x69@gmail.com
50c38b9a	Khubaib khan	@cloven0p	Cloven pubg	pubgcloven@gmail.com
f09b4a5d	Gold	Gold poss	Gold poos	gold.poos2019@gmail.com
434e486e	Akif	@akifkulak		muhammedakif.hayat@gmail.com
9c7339f8	Vuqar Aliyev	@Vuqarcik		aliyevv871@gmail.com
864856059269332	Andi miftah huda	andimift		andimhuda@gmail.com
4b11f580	Hizam Achmad	@Hizamachmad		hizamachmad@gmail.com
a0da58ed	@Gameman778	@Gameman778	My techs	asifmujtabagame9@gmail.com
3e6e4bd5	shalsa	@Shlshbilashrn	lynzx	ricopratama273@gmail.com
974b22f6	Destantyo 	@Destantyo		destantyo.browen@gmail.com
4b0a5e2a	Azrael Jackall	AzraelJackall30	Tiada	azraelrr@gmail.com
8b192b76	Can Gülle	@gulleerencan		can1gulle@gmail.com
8e17c6d8	Zakiy Hammami	@cecil9		zakiy99@gmail.com
65eb1672	Jass yt	@POCOF3USER	Silent Ocean	karanbagri367@gmail.com
d6f939fe	ken	@zens_x		corryzens@gmail.com
e24314b6	Vicky Noer	@vickynoer		vickysjaropi@gmail.com
eeaea272	Tarif Aziz	@tarif_trk	TRK HAX	xdatarif@gmail.com
2dd20636	Mohammad Nasim	@nasim8089	D3MOLISH YT	hakerm906@gmail.com
18875a8e	Agus Setyawan	@Setyawan_a7		indomie288@gmail.com
b5e6252f	Aekkavit Leim	@xNICKKy		aekkavitleim@gmail.com
a0c45f20	Qiin 	@Qiinkaiser		qiin.kaiser@gmail.com
b140875d	Dade nurmansyah	@AjudanLuhutBinsarPanjaitan		abbe.noermansyah@gmail.com
93f9def3	EENGS	@EENGS5		dwieeng1@gmail.com
868494053101230	Abu talha	Nandu	Tecnical yt	abutalha55293@gmail.com
M2012k11AC	Marcondes	Marcondes	Tudo Android	slipknotsepunatio65@gmail.com
4cc14198	ihsan	@ihsanpratama16		febigustiardifg@gmail.com
340e5c64	Maloy Das	black_mamba2045		bgmi74652@gmail.com
502831f7	Adhi	@CoopoyM		adicya95@gmail.com
43b9afc1	Nam	@nambavuong		nambavuong1992@gmail.com
